Day	Date	Time Off	Location at night	Lodging Cost	Lodging	Drive Time	Notes
Friday	6-Aug		Lake Tahoe	$124.10	VRBO	4	Friend's birthday
Saturday	7-Aug		Lake Tahoe	$124.10			
Sunday	8-Aug		Bend, OR	$90.10	Airbnb	8	Friends
Monday	9-Aug		Bend, OR	$90.10			
Tuesday	10-Aug		Bend, OR	$90.10			
Wednesday	11-Aug		Bend, OR	$90.10			
Thursday	12-Aug		Portland, OR	$156.27	Airbnb	3	Friends
Friday	13-Aug		Portland, OR	$156.27			Friends
Saturday	14-Aug		Portland, OR	$156.27			
Sunday	15-Aug		Seattle, WA	$148.00	Hotel	3	Mt Rainier NP
Monday	16-Aug		Seattle, WA	$229.42	Airbnb		
Tuesday	17-Aug		Seattle, WA	$229.42			
Wednesday	18-Aug		Seattle, WA	$229.42			Friends
Thursday	19-Aug		Seattle, WA	$229.42			
Friday	20-Aug		Seattle, WA	$229.42			
Saturday	21-Aug		Seattle, WA	$229.42			
Sunday	22-Aug		Port Angeles, WA	$300.19	Airbnb	3	Olympic NP
Monday	23-Aug		Port Angeles, WA	$300.19			
Tuesday	24-Aug		Port Angeles, WA	$300.19			
Wednesday	25-Aug		Seaside, OR	$311.00	River Inn at Seaside	6	
Thursday	26-Aug		Seaside, OR	$311.00			
Friday	27-Aug		Seaside, OR	$311.00			
Saturday	28-Aug		Eugene, OR	$233.00	Even Hotels Eugene	4	
Sunday	29-Aug		Reno, NV	$137.71	Airbnb	6	
Monday	30-Aug		Reno, NV	$137.71			
Tuesday	31-Aug		Reno, NV	$137.71			
Wednesday	1-Sep		Reno, NV			6	Friend meetup
Thursday	2-Sep	PTO	Black Rock, NV			2	Burning Man
Friday	3-Sep	PTO	Black Rock, NV				Burning Man
Saturday	4-Sep		Black Rock, NV				Burning Man
Sunday	5-Sep		Incline Village, NV			3	
Monday	6-Sep	Labor Day	Los Angeles, CA	$75.00		9	
Tuesday	7-Sep		Los Angeles, CA	$75.00			
Wednesday	8-Sep		Los Angeles, CA	$75.00			
Thursday	9-Sep		Los Angeles, CA	$75.00		5	
Friday	10-Sep		Los Angeles, CA	$75.00			Life is Beautiful
Saturday	11-Sep		San Diego, CA			3	Life is Beautiful
Sunday	12-Sep		Los Angeles, CA	$75.00		3	
Monday	13-Sep		Los Angeles, CA	$75.00			
Tuesday	14-Sep		Los Angeles, CA	$75.00			
Wednesday	15-Sep		Las Vegas, NV			5	
Thursday	16-Sep	PTO	Las Vegas, NV				
Friday	17-Sep	PTO	Las Vegas, NV				
Saturday	18-Sep		Las Vegas, NV				
Sunday	19-Sep		Los Angeles, CA	$75.00		5	
Monday	20-Sep		Los Angeles, CA	$75.00			
Tuesday	21-Sep		Los Angeles, CA	$75.00			
Wednesday	22-Sep		Los Angeles, CA	$75.00			
Thursday	23-Sep		Los Angeles, CA	$75.00			
Friday	24-Sep		Los Angeles, CA	$75.00			
Saturday	25-Sep		Los Angeles, CA	$75.00			Hollywood Bowl (James Blake)
Sunday	26-Sep		Los Angeles, CA	$75.00			
Monday	27-Sep		Los Angeles, CA	$75.00			
Tuesday	28-Sep		Los Angeles, CA	$75.00			
Wednesday	29-Sep		Los Angeles, CA	$75.00			
Thursday	30-Sep		Los Angeles, CA	$75.00			
Friday	1-Oct		Los Angeles, CA	$75.00			LA State Historic Park (Porter Robinson)
Saturday	2-Oct		Flagstaff, AZ			8	Friends
Sunday	3-Oct		Albuquerque, NM	$75.00		5	Petrified Forest NP
Monday	4-Oct		Albuquerque, NM	$75.00			
Tuesday	5-Oct		Albuquerque, NM	$75.00			
Wednesday	6-Oct		Santa Fe, NM	$120.00		1	Albuquerque Balloon Fiesta
Thursday	7-Oct		Santa Fe, NM	$120.00			
Friday	8-Oct		Santa Fe, NM	$120.00			
Saturday	9-Oct		Great Sand Dunes, CO	$20.00		4	Great Sand Dunes NP
Sunday	10-Oct		Denver, CO	$147.40	Airbnb	4	
Monday	11-Oct		Denver, CO	$147.40			
Tuesday	12-Oct		Denver, CO	$147.40			
Wednesday	13-Oct		Denver, CO	$147.40			
Thursday	14-Oct		Denver, CO	$147.40			
Friday	15-Oct		Denver, CO	$147.40			
Saturday	16-Oct		Denver, CO	$147.40			Rocky Mountain NP
Sunday	17-Oct		Kansas City, MO	$127.27	Airbnb	8	
Monday	18-Oct		Kansas City, MO	$127.27			
Tuesday	19-Oct		Kansas City, MO	$127.27			
Wednesday	20-Oct		Kansas City, MO	$127.27			
Thursday	21-Oct		Kansas City, MO	$127.27			
Friday	22-Oct		Kansas City, MO	$127.27			
Saturday	23-Oct		St Louis, MO		Hyatt Regency Arch	4	Gateway Arch NP
Sunday	24-Oct		Cave City, KY		Sleep Inn	5	Mammoth Cave NP
Monday	25-Oct		Columbus, OH	$131.60	Airbnb	5	
Tuesday	26-Oct		Columbus, OH	$131.60			
Wednesday	27-Oct		Columbus, OH	$131.60			
Thursday	28-Oct		Columbus, OH	$131.60			
Friday	29-Oct		Columbus, OH	$131.60			
Saturday	30-Oct		Cleveland, OH		Hyatt Place Cleveland	2	Cuyahoga Valley NP
Sunday	31-Oct		Boston, MA			10	
Monday	1-Nov		Boston, MA				
Tuesday	2-Nov		Boston, MA				
Wednesday	3-Nov		Boston, MA				
Thursday	4-Nov		Boston, MA				
Friday	5-Nov		Portland, ME				
Saturday	6-Nov		Bar Harbor, ME	$200.00			Acadia NP
Sunday	7-Nov		Boston, MA				
Monday	8-Nov		Boston, MA				
Tuesday	9-Nov		Boston, MA				
Wednesday	10-Nov		Niagara Falls, NY				
Thursday	11-Nov		Niagara Falls, NY				
Friday	12-Nov		Niagara Falls, ON				
Saturday	13-Nov		Toronto, ON				
Sunday	14-Nov		State College, PA				
Monday	15-Nov		Washington, DC				
Tuesday	16-Nov		Washington, DC				
Wednesday	17-Nov		Washington, DC				
Thursday	18-Nov		Washington, DC				
Friday	19-Nov		Washington, DC				
Saturday	20-Nov		Washington, DC				
Sunday	21-Nov		Washington, DC				Shenandoah NP
Monday	22-Nov		Washington, DC				
Tuesday	23-Nov		Washington, DC				
Wednesday	24-Nov		Virginia Beach, VA				
Thursday	25-Nov	Thanksgiving	Charlotte, NC				
Friday	26-Nov	Thanksgiving	Columbia, SC				Congaree NP
Saturday	27-Nov		Charleston, SC				
Sunday	28-Nov		Charleston, SC				
Monday	29-Nov		Charleston, SC				
Tuesday	30-Nov		Charleston, SC				
Wednesday	1-Dec		Charleston, SC				
Thursday	2-Dec		Charleston, SC				
Friday	3-Dec		Charleston, SC				
Saturday	4-Dec		Charleston, SC				
Sunday	5-Dec		Atlanta, GA				
Monday	6-Dec		Atlanta, GA				
Tuesday	7-Dec		Atlanta, GA				
Wednesday	8-Dec		Asheville, NC	$173.28			
Thursday	9-Dec		Asheville, NC	$173.28			
Friday	10-Dec		Asheville, NC	$173.28			
Saturday	11-Dec		Asheville, NC	$173.28			
Sunday	12-Dec		Asheville, NC	$173.28			
Monday	13-Dec		Asheville, NC	$173.28			
Tuesday	14-Dec		Asheville, NC	$173.28			
Wednesday	15-Dec		Asheville, NC	$173.28			
Thursday	16-Dec		Asheville, NC	$173.28			
Friday	17-Dec		Asheville, NC	$173.28			
Saturday	18-Dec		Asheville, NC	$173.28			
Sunday	19-Dec		Asheville, NC	$173.28			
Monday	20-Dec	Belo Break?	Asheville, NC	$173.28			
Tuesday	21-Dec	Belo Break?	Asheville, NC	$173.28			
Wednesday	22-Dec	Belo Break?	Asheville, NC	$173.28			
Thursday	23-Dec	Belo Break?	Asheville, NC	$173.28			
Friday	24-Dec	Belo Break?	Savannah, GA			5	
Saturday	25-Dec		Daytona Beach, FL			4	
Sunday	26-Dec		Ft Lauderdale, FL			4	
Monday	27-Dec	Belo Break?	Miami, FL				Everglades NP
Tuesday	28-Dec	Belo Break?	Florida City, FL				Everglades NP, Biscayne NP
Wednesday	29-Dec	Belo Break?	Florida City, FL				
Thursday	30-Dec	Belo Break?	Key West, FL			5	
Friday	31-Dec	Belo Break?	Miami, FL			5	
Saturday	1-Jan		Ft Lauderdale, FL				
Sunday	2-Jan		Tampa Bay, FL			4	
Monday	3-Jan		Tallahassee, FL			4	
Tuesday	4-Jan		Mobile, AL				
Wednesday	5-Jan		Mobile, AL				
Thursday	6-Jan		Mobile, AL				
Friday	7-Jan		Mobile, AL				
Saturday	8-Jan		Baton Rouge, LA			4	
Sunday	9-Jan		Houston, TX			5	
Monday	10-Jan		Austin, TX			3	
Tuesday	11-Jan		Austin, TX				
Wednesday	12-Jan		Austin, TX				
Thursday	13-Jan		Austin, TX				
Friday	14-Jan		Austin, TX				
Saturday	15-Jan		Austin, TX				
Sunday	16-Jan		Austin, TX				
Monday	17-Jan		Carlsbad, NM			7	
Tuesday	18-Jan		Carlsbad, NM				
Wednesday	19-Jan		Tucson, AZ			7	
Thursday	20-Jan		Phoenix, AZ			2	
